id,start_academic_year,provider_name,provider_code,provider_ukprn,partner_name,partner_reference,partner_type,school_name,school_urn,subject_name
9e31fb11-e17a-4f77-a2e8-32032783b46c,2018,University of Worcester,W80,10007139,,,,Abberley Parochial VC Primary School,116780,Primary
00d9f2a5-cc4d-4cfb-9010-bf4ee8187769,2018,Sheffield Hallam University,S21,10005790,,,,Abbeyfield Primary Academy,143052,Primary
e7180bae-9240-4996-9cb1-78a45533eacf,2018,University of Cumbria,C99,10007842,,,,Abbey Village Primary School,119307,Primary
901fa831-f505-4f4a-a6f6-071f8a35b4b6,2018,The Manchester Metropolitan University,M40,10004180,,,,Abbott Community Primary School,105387,Primary
e7697890-8cc9-4664-93b4-39d7d7f7177b,2018,University of Derby,D39,10007851,,,,Akaal Primary School,142109,Primary
95980abd-72a2-48a1-a023-e6b1dccfc081,2018,Canterbury Christ Church University,C10,10001143,,,,Alexander McLeod Primary School,131841,Primary
1cb82ac8-9e01-4dbd-b889-67393ab30564,2018,Leeds Beckett University,L27,10003861,,,,All Hallows' CofE (VA) Primary School,107727,Primary
cdde9564-dd87-43cf-99fc-d6880851d3ee,2018,Birmingham City University,B25,10007140,,,,Alvaston Infant and Nursery School,112744,Primary
9e86eacd-c64a-4d7e-9bd2-69562e2cb389,2018,University of Derby,D39,10007851,,,,Alvaston Infant and Nursery School,112744,Primary
7f40fe50-23db-4967-849b-d4bdd14a8d4b,2018,Canterbury Christ Church University,C10,10001143,,,,Amherst School,136499,Primary
725c79bc-b9ca-417b-b26b-a95349034695,2018,University of Derby,D39,10007851,,,,Arboretum Primary School,146715,Primary
e83b72a7-1681-44d4-a9e0-5b02ad0350f7,2018,University Of Plymouth,P60,10007801,,,,Archbishop Benson CofE Primary School,137258,Primary
d7cef984-bf83-46cc-91e9-17bedcc19b05,2018,Nottingham Trent University,N91,10004797,,,,Archbishop Cranmer Church of England Academy,140574,Primary
3cad8671-241e-45ff-ada9-23cbce6e2851,2018,Nottingham Trent University,N91,10004797,,,,Asfordby Hill Primary School,139340,Primary
2cafc981-4c42-4895-b235-f4fe6c13cabb,2018,Nottingham Trent University,N91,10004797,,,,Awsworth Primary and Nursery School,145786,Primary
217e984b-04d2-489e-a917-7202694ab540,2018,University of Northumbria at Newcastle,N77,10001282,,,,Balliol Primary School,108603,Primary
f17db11c-2b02-47c5-9b75-63426a5fde9e,2018,University of Sussex,S90,10007806,,,,Bandon Hill Primary School,102958,Primary
ac210df9-a5aa-4e0b-8328-02e8faa2d6d3,2018,Canterbury Christ Church University,C10,10001143,,,,Bannockburn Primary School,100113,Primary
22048236-adb1-41aa-927b-8b2f1fb81374,2018,Canterbury Christ Church University,C10,10001143,,,,Bardfield Academy,143203,Primary
4272d9c4-e53d-44b9-9eea-0cc7e0878bd1,2018,University of Chester,C55,10007848,Willaston CofE Primary School,111245,school,Barnton Community Nursery and Primary School,144058,Primary
42476b61-2156-4dfd-9284-6937581ecb3a,2018,"Goldsmiths, University of London",G56,10002718,,,,Barnwell School,117518,Biology
23c3e59c-c22d-4581-87aa-9aaee994b8aa,2018,Canterbury Christ Church University,C10,10001143,,,,Beaver Green Primary School,141871,Primary
533894e9-046b-4178-95f1-d06f24da8bdf,2018,Canterbury Christ Church University,C10,10001143,,,,Beck Primary School,142542,Primary
dce92d88-efe0-4987-93e2-fb809fef5fc3,2018,Canterbury Christ Church University,C10,10001143,,,,Benenden Church of England Primary School,118597,Primary
88319577-d1c8-4daa-b3b0-d0081a4b9e97,2018,University of Chichester,C58,10007137,,,,"Bersted Green Primary School, Bognor Regis",125873,Primary
34728c76-95f2-4bbe-bd33-fae55f5a5b2e,2018,The University of Brighton,B72,10000886,,,,Bexhill High Academy,138895,Physical education
05d2c93a-4341-4b03-87e9-2fee2ba01d87,2018,Birmingham City University,B25,10007140,,,,Birchfield Primary School,146075,Primary
51a01064-6d57-4057-8b45-0193ce72487c,2018,Canterbury Christ Church University,C10,10001143,,,,Birchington Church of England Primary School,118693,Primary
4e4fa534-f7c1-4e2d-bfe6-620a8e9c0244,2018,University of Sussex,S90,10007806,,,,"Bishop Luffa School, Chichester",140472,Music
d82e7e74-a432-4099-91bb-26d9cd50e4fa,2018,"University of the West of England, Bristol",B80,10007164,,,,Blackhorse Primary School,109121,Primary
8878705c-47a5-426b-8ace-229b2623f41c,2018,Edge Hill University,E42,10007823,,,,Blackrod Anglican/Methodist Primary School,105211,Primary
f826a506-4bb9-4fcc-8c75-999e8da85319,2018,University of Northumbria at Newcastle,N77,10001282,,,,Blessed John Duckett Roman Catholic Voluntary Aided Primary,114283,Primary
d335a08f-fff6-4a81-91cf-895a5fc0fb73,2018,Nottingham Trent University,N91,10004797,,,,Blessed Robert Widmerpool Catholic Primary and Nursery School,137425,Primary
580661ad-c4a6-4229-9cde-4131d6a1314f,2018,Edge Hill University,E42,10007823,,,,Bolshaw Primary School,106029,Primary
e1f1ab22-3b7f-468d-a9dd-e9518b85cf2d,2018,Birmingham City University,B25,10007140,,,,Bordesley Green Primary School,103172,Primary
19339213-a607-40d9-abe6-013a62dbb025,2018,University of Chichester,C58,10007137,,,,Bosmere Junior School,115919,Primary
40b009df-ef56-4cd1-9987-b80c9838e0aa,2018,Canterbury Christ Church University,C10,10001143,,,,Boughton-under-Blean and Dunkirk Primary School,118705,Primary
dbfcc9ef-f41c-42e7-82b5-9c0d4980a989,2018,Nottingham Trent University,N91,10004797,,,,Bramley Vale Primary & Nursery School,112503,Primary
6f910223-95f9-4586-9685-fe689d2e95a4,2018,The Manchester Metropolitan University,M40,10004180,,,,Breadsall Hill Top Primary School,144624,Mathematics
c0698061-79d5-4b9f-8959-4da796708301,2018,Edge Hill University,E42,10007823,,,,Bridgemere CofE Primary School,111343,Primary
40ee2bb7-e07e-4d43-865e-75f5cba55b23,2018,The University of Brighton,B72,10000886,,,,Brighton Girls GDST,114658,Physical education
e007f403-ab2b-4bbb-b62e-9e30264dbf46,2018,Nottingham Trent University,N91,10004797,,,,Brinsley Primary and Nursery School,122566,Primary
b81502a1-ec74-4a33-b649-0b95978b38b7,2018,Sheffield Hallam University,S21,10005790,,,,Brinsworth Manor Infant School,106864,Primary
c99820ac-73c2-4a24-ad9a-42c7ec8f4ed4,2018,The Manchester Metropolitan University,M40,10004180,,,,Broadfield Community Primary School,134220,Primary
a9e519c4-c1a0-4301-8fc2-1607374c847d,2018,Canterbury Christ Church University,C10,10001143,,,,Broadford Primary School,102317,Primary
6593192e-375e-4343-9399-4e5fa247a96b,2018,Edge Hill University,E42,10007823,,,,Broad Square Community Primary School,133335,Primary
05e0fbf7-b8e4-469a-80f5-5eff04d39a29,2018,Canterbury Christ Church University,C10,10001143,,,,Brook Community Primary School,118373,Primary
dc7990d2-7c8e-46f6-af68-674eba4f7f08,2018,Canterbury Christ Church University,C10,10001143,,,,Brookland Church of England Primary School,118664,Primary
df14c130-7280-468d-a5be-536b35b2b2cb,2018,Nottingham Trent University,N91,10004797,,,,Brookside Primary School,146491,Primary
7017596f-b158-406a-aaa0-e9616e3160bc,2018,Nottingham Trent University,N91,10004797,,,,Broomhill Junior School,122585,Primary
bea20d3b-118a-4923-9ccd-1f6eb5ccea89,2018,The University of Brighton,B72,10000886,,,,Buckingham Park Primary School,134791,Primary
f39f0a88-1c34-496d-815e-8e6d0758de57,2018,Nottingham Trent University,N91,10004797,,,,Bunny CofE Primary School,122751,Primary
186b3406-9366-4e86-843a-c5dd9381ee58,2018,Nottingham Trent University,N91,10004797,,,,Burford Primary and Nursery School,143060,Primary
15551ce0-bb84-425e-8a14-e9813f980b88,2018,Nottingham Trent University,N91,10004797,,,,Burntstump Seely CofE Primary Academy,143297,Primary
2d76351a-3d71-4830-a60f-5c0388218fec,2018,University of Greenwich,G70,10007146,,,,"Canary Wharf College, East Ferry",137016,Primary
d3887f16-4ca2-4186-9141-5eb101ca20c5,2018,Roehampton University,R48,10007776,,,,Cannon Lane Primary School,102204,Primary
21f01436-7224-4e84-a780-154cd20525e4,2018,Nottingham Trent University,N91,10004797,,,,Carlton Digby School,122953,Primary
39238436-2805-4841-87d1-c70051918986,2018,The University of Northampton,N38,10007138,,,,Caroline Chisholm School,137089,Primary
797cd6ca-9d7a-45bc-86e7-7d1a59494461,2018,Leeds Trinity University,L24,10003863,,,,Carr Manor Community School,108059,Primary
18782eee-58ce-4899-9711-6b2018fa47da,2018,University of Chester,C55,10007848,,,,Castle View Primary School,111116,Primary
7a337abf-9947-4b10-a943-adec09e35eaa,2018,University of Northumbria at Newcastle,N77,10001282,,,,Central Walker Church of England Primary School,144270,Primary
f5a85b9c-94c0-4213-8607-f94674987b8a,2018,Canterbury Christ Church University,C10,10001143,,,,Chadwell St Mary Primary School,143149,Primary
42a8f973-4071-47d5-991a-c07cb4c51451,2018,Leeds Trinity University,L24,10003863,,,,Chapel Allerton Primary School,107903,Primary
dd5d0cb4-8692-4e77-8712-cc68ef5c2c91,2018,Oxford Brookes University,O66,10004930,,,,Charlton-on-Otmoor Church of England Primary School,123100,Primary
1de46467-21ce-40a5-bbd3-4afe877151d6,2018,Kingston University,K84,10003678,,,,Charville Academy,139609,Primary
b5f92f7b-e3f2-48e7-b9b3-7568d286d1a7,2018,Sheffield Hallam University,S21,10005790,,,,Chaucer School,138414,Mathematics
c06ab622-778e-4649-9c79-ef238579fcf4,2018,"University of the West of England, Bristol",B80,10007164,,,,Chepstow School,401862,Modern languages
29542373-bc9e-4e43-8295-99160b790db1,2018,University of Sunderland,S84,10007159,,,,Chester-Le-Street CofE (Controlled) Primary School,114213,Primary
9cb2011f-8989-41df-add1-ab423a689c49,2018,The Manchester Metropolitan University,M40,10004180,,,,Chorlton Park Primary,142343,Primary
94516d45-d613-4818-b945-f4f546ea73ba,2018,Birmingham City University,B25,10007140,,,,Church Broughton CofE Primary School,112871,Primary
a2a1b52d-29bb-47ca-9852-1b1453963a94,2018,Canterbury Christ Church University,C10,10001143,,,,Cliftonville Primary School,140012,Primary
8114a743-d917-443a-9ce2-3b11dfd16a60,2018,Birmingham City University,B25,10007140,,,,Coleshill Heath School,104070,Primary
c6a71d21-b355-4504-99ed-5568c723442b,2018,Nottingham Trent University,N91,10004797,,,,Coppice Farm Primary School,122516,Primary
7be8a61d-ac43-4dd4-90b2-b24ff7a23914,2018,University of Wolverhampton,W75,10007166,,,,Coppice Performing Arts School,145114,Geography
d2f26362-68f8-4bba-b0e9-a94f87d6c768,2018,University of Cumbria,C99,10007842,,,,Coppull Parish Church of England Primary School,119470,Primary
0a3c7ad0-537a-47dc-b33e-15f19c579560,2018,The University of Brighton,B72,10000886,,,,Copthorne CofE Junior School,126013,Primary
ab2638d4-bcef-4b7e-aad7-7343ba675743,2018,Kingston University,K84,10003678,,,,Cordwalles Junior School,140349,Primary
faaa021e-f9e7-4383-b2d5-34f621a445e1,2018,The Manchester Metropolitan University,M40,10004180,,,,Corrie Primary School,106214,Mathematics
619b4d77-a668-4553-8f46-790de691edb8,2018,Nottingham Trent University,N91,10004797,,,,Cotgrave Candleby Lane School,138353,Primary
1a6200c3-e03b-49c0-9442-09ae3bbb952d,2018,Nottingham Trent University,N91,10004797,,,,Cotmanhay Junior School,112569,Primary
e841d267-3eff-48c2-8ee1-304367fdd384,2018,University of Wolverhampton,W75,10007166,,,,County Bridge Primary School,104189,Geography
8252facb-c81a-4931-a15a-a311cc5c811c,2018,Canterbury Christ Church University,C10,10001143,,,,Coxheath Primary School,146114,Primary
631bf27c-882e-4bd2-816c-d37c12678eb6,2018,Nottingham Trent University,N91,10004797,,,,Crabtree Farm Primary School,122476,Primary
8aab8d70-1180-4abb-a6c5-1bddc90e8b8a,2018,Roehampton University,R48,10007776,,,,Cranmer Primary School,102653,Primary
146c2752-56ee-492b-9f7c-9c602c0cc0fd,2018,University of Hull,H72,10007149,,,,Croxby Primary School,145177,Primary
87226d54-7b71-43a5-a22b-7b99ca59456f,2018,Canterbury Christ Church University,C10,10001143,,,,Deneholm Primary School,141897,Primary
c30aa98b-a031-4114-b986-30997549d0ed,2018,Canterbury Christ Church University,C10,10001143,,,,Downham Church of England Voluntary Controlled Primary School,115119,Primary
2c06dac4-27fa-459c-a3df-3f8b03deea5d,2018,Canterbury Christ Church University,C10,10001143,,,,Downs View Infant School,118523,Primary
970c813b-0f95-4acf-bde2-00ee11313a9e,2018,Canterbury Christ Church University,C10,10001143,,,,Drapers Mills Primary Academy,139021,Primary
cb01b9a7-e797-4bdb-9c65-c2d5962757a6,2018,York St John University,Y75,10007713,,,,Driffield Church of England Voluntary Controlled Infant School,117974,Primary
d904d565-ab49-46c9-84fb-f72e0948f75f,2018,Birmingham City University,B25,10007140,,,,E-ACT Heartlands Academy,135907,Primary
53ab1314-c264-4d3d-8687-6020293eafa8,2018,University of East London,E28,10007144,,,,Eastbrook School,101243,Computing
3829b221-c3c9-4723-8b75-6092f9693b45,2018,Canterbury Christ Church University,C10,10001143,,,,Eastchurch Church of England Primary School,148118,Primary
6e214e9e-28b6-40df-a7fc-74f65a24f4a1,2018,Canterbury Christ Church University,C10,10001143,,,,East Peckham Primary School,118290,Primary
9f9dac00-fcdd-4f8b-8ad8-c379f56aa5ed,2018,Edge Hill University,E42,10007823,,,,Eccleston Mere Primary School,104783,Primary
90392eac-8f73-481d-a0d2-dc30282b6c03,2018,Sheffield Hallam University,S21,10005790,,,,Eckington Junior School,144293,Primary
153ea394-5cc9-4cf0-a36e-480c6b8b7b6a,2018,University of Chichester,C58,10007137,,,,"English Martyrs Catholic Primary School, Worthing",126051,Primary
281e702d-a962-4239-822f-2593658719af,2018,Edge Hill University,E42,10007823,,,,Essa Primary Academy,140973,Primary
8dbafc58-2f23-4edb-9892-faf184b85f46,2018,University of Derby,D39,10007851,,,,Etwall Primary School,112549,Primary
226a7785-a760-4cf5-8eea-e72b3621bfac,2018,Birmingham City University,B25,10007140,,,,Evergreen School,125805,Primary
b6fc429e-fea7-4dc7-ad13-220ac9e4e630,2018,Canterbury Christ Church University,C10,10001143,,,,Eythorne Elvington Community Primary School,118399,Primary
04f3206d-7079-41e6-af92-93faee32edc9,2018,University of Hertfordshire,H36,10007147,,,,Fairfield Park Lower School,135021,Primary
a575b585-addc-45be-8632-6b68a51ae820,2018,The University of Brighton,B72,10000886,,,,Fairlight Primary School,114487,Primary
6deafc08-5812-4510-a816-2d6cd6f220d7,2018,University of Derby,D39,10007851,,,,Findern Primary School,112551,Primary
47abeb1d-0782-419c-ab5f-9015d29e7999,2018,University of Derby,D39,10007851,,,,Firfield Primary School,112516,Primary
6a2663ef-ba70-42a7-8e19-0ffb7195e4d8,2018,Liverpool Hope University,L46,10003956,,,,Forefield Community Infant and Nursery School,104872,Primary
a1694f1f-fb33-4eff-b729-facfc24bb73e,2018,The University of Brighton,B72,10000886,,,,Forest Academy,140113,Mathematics
741102ac-aa10-458a-9d6b-6b631ab02ac6,2018,Nottingham Trent University,N91,10004797,,,,Foxwood Academy,138661,Primary
d2275783-4bd8-40c7-8f3d-980af9682db0,2018,University of Cumbria,C99,10007842,,,,"Fulwood, St Peter's Church of England Primary School and Nursery",119416,Primary
88ec233f-4768-4981-8984-59456a59bee0,2018,London South Bank University,L75,10004078,,,,George Carey Church of England Primary School,136431,Primary
12554bff-9c4e-4e06-a075-02114584f302,2018,University of Sussex,S90,10007806,,,,Georgian Gardens Community Primary School,125959,Primary
b6826501-ef74-4102-b3d0-e9c19d563d56,2018,Edge Hill University,E42,10007823,,,,Gilmour Primary School,150210,Primary
e30fcbcd-5ead-455c-896e-202204bf6e67,2018,Canterbury Christ Church University,C10,10001143,,,,Goat Lees Primary School,136251,Primary
6a6345f3-8550-4cfb-88d4-3646460ba834,2018,University of Sussex,S90,10007806,,,,Goring-By-Sea CofE (Aided) Primary School,126045,Primary
b26ec506-1917-47fd-b4d0-5a4ded0f4a01,2018,Birmingham City University,B25,10007140,,,,Grace Mary Primary School,103945,Primary
983b0da4-dfb2-41c9-aa35-1bc93ceacecb,2018,University of Derby,D39,10007851,,,,Grampian Primary Academy,138992,Primary
9a0bfde6-20a8-4b32-a12b-3c6d93a093ba,2018,University of Derby,D39,10007851,,,,Great Glen St Cuthbert's Church of England Primary School,120131,Primary
ccd4679f-3f12-42b9-a956-32316d448020,2018,Canterbury Christ Church University,C10,10001143,,,,Greatstone Primary School,118864,Primary
c27b0add-cb9a-4e62-a1ed-486017aa398d,2018,The Manchester Metropolitan University,M40,10004180,,,,Greave Primary School,106050,Primary
5b00d67a-74a2-4cf2-a688-26cf2a5d7d15,2018,Nottingham Trent University,N91,10004797,,,,Greenfields Community School,134842,Primary
d5b38a65-ba5d-4779-90f9-2f132d805101,2018,Edge Hill University,E42,10007823,,,,Greenhill Primary School,148096,Primary
e966e14e-dd64-4eee-b67c-aeb64c8da95f,2018,University of Derby,D39,10007851,,,,Griffe Field Primary School,146579,Primary
b7d684e2-f4d5-4055-8a54-b1ae173d2def,2018,University of Northumbria at Newcastle,N77,10001282,,,,Hadrian Park Primary School,132141,Primary
30c88b70-10ba-41b8-8e54-9776a11dce49,2018,Sheffield Hallam University,S21,10005790,,,,Hall Cross Academy,137842,Mathematics
16d9bd7d-c510-437e-ba2a-5dcef0c0a0b2,2018,Canterbury Christ Church University,C10,10001143,,,,Hampton Primary School,137961,Primary
5771efda-5d08-49cb-bdc1-a0b23cd4f608,2018,Canterbury Christ Church University,C10,10001143,,,,Harold Wood Primary School,102269,Primary
4e5e6521-08ae-4bb1-a6d0-bd27905525dc,2018,University of East London,E28,10007144,,,,Harris Academy Battersea,140985,Computing
89b1acbb-9bdf-4960-8bb1-221db8f5a865,2018,"University of the West of England, Bristol",B80,10007164,,,,Henbury Court Primary Academy,139116,Primary
b1b56ad1-10d0-497f-8075-0fde4ba9e50c,2018,University of Derby,D39,10007851,,,,Henhurst Ridge Primary Academy,143663,Primary
223c7f37-3878-46e4-ac50-f79ecbd90383,2018,Sheffield Hallam University,S21,10005790,,,,Herringthorpe Junior School,141788,Primary
719ed354-2a53-4c5b-81ca-fd0615f55cdb,2018,Nottingham Trent University,N91,10004797,,,,Heymann Primary and Nursery School,143296,Primary
f3730230-9f25-4ae5-a7f4-0a8bd8109782,2018,Nottingham Trent University,N91,10004797,,,,Highbank Primary and Nursery School,140017,Primary
be27ddd6-9be7-4bb4-9f11-621537ad726b,2018,The Manchester Metropolitan University,M40,10004180,,,,Highfield Primary School,105182,Mathematics
1044c71f-77c5-41bd-bb4a-8fb977d9fe06,2018,Canterbury Christ Church University,C10,10001143,,,,High Firs Primary School,118541,Primary
80fdef89-530c-42cf-88b7-ee32cf626cff,2018,The University of Brighton,B72,10000886,,,,High View Primary School,102971,Mathematics
0a7abb57-09ec-461f-9882-0140e1ac87ce,2018,Canterbury Christ Church University,C10,10001143,,,,Hilltop Junior School,145421,Primary
667940f8-b6a6-4795-95a0-b11292f9fc89,2018,Sheffield Hallam University,S21,10005790,,,,Hinde House 2-16 Academy,139856,Mathematics
6505d814-685d-44d8-9a35-92323b389627,2018,Plymouth Marjon University,P63,10037449,,,,Holbeton Primary School,146254,Primary
42ea2497-a212-4a42-8946-4d87b385ec87,2018,Canterbury Christ Church University,C10,10001143,,,,Holland Haven Primary School,115256,Primary
030633a7-8375-4ed0-af6e-887c827432f4,2018,University of Derby,D39,10007851,,,,Holly Hill Primary and Nursery School,122579,Primary
17a0a4c9-13d8-42f2-a2f6-acbcc1cb7b78,2018,University Of Plymouth,P60,10007801,,,,Holy Cross Catholic Primary School,140726,Primary
46a2aac1-1b86-4e2e-ac73-1849746f8e41,2018,Nottingham Trent University,N91,10004797,,,,Holy Cross Primary Catholic Voluntary Academy,138812,Primary
21c2bbdf-9ac4-49d1-9683-c253540eb9e8,2018,The Manchester Metropolitan University,M40,10004180,,,,Holy Souls Roman Catholic Primary School Blackburn,119517,Primary
755c444c-fc79-4980-a7db-e3fa3197aee0,2018,Canterbury Christ Church University,C10,10001143,,,,Hoo St Werburgh Primary School and the Marlborough,143262,Primary
f73c01da-40d3-41c4-9d94-1681487d0143,2018,Canterbury Christ Church University,C10,10001143,,,,Horndon-On-the-Hill CofE Primary School,146708,Primary
be7e8a5f-8cbd-4b26-b5cc-e88eb1c444de,2018,University of Sussex,S90,10007806,,,,Hove Park School and Sixth Form Centre,114607,Primary
77abd61d-7bad-4397-b050-07ef4a969c45,2018,University of Northumbria at Newcastle,N77,10001282,,,,Hudson Road Primary School,108772,Primary
b266c743-0217-445c-8824-b621f6a809eb,2018,University Of Plymouth,P60,10007801,,,,Hyde Park Infants' School,146673,Primary
63bd949a-5136-417a-b75a-e1b5fc48261e,2018,Canterbury Christ Church University,C10,10001143,,,,Hythe Bay CofE Primary School,131020,Primary
5baec52b-41dd-4b2a-b256-dde0ee8580ed,2018,Roehampton University,R48,10007776,,,,Immanuel and St Andrew Church of England Primary School,100633,Primary
6ca68b95-98dc-48f6-82e6-8fdc605b9d9a,2018,University of Hull,H72,10007149,,,,Inmans Primary School,117911,Primary
878242fc-7dd4-49d2-810e-1ceb96a3305a,2018,The Manchester Metropolitan University,M40,10004180,,,,Intack Primary School,119118,Primary
1d9e38a2-fe6c-4d70-a74e-5730a4e4d412,2018,University Of Plymouth,P60,10007801,,,,Ipplepen Primary School,113203,Primary
38b9e92f-7fcf-4aff-ab6d-8735abc4a602,2018,Edge Hill University,E42,10007823,,,,Jericho Primary School,112175,Primary
e45dbe36-5ac7-45ea-b316-e09d112078ea,2018,Nottingham Trent University,N91,10004797,,,,Jesse Gray Primary School,122597,Primary
a6727f6d-0eda-4eb1-acca-8a366c4abb00,2018,Canterbury Christ Church University,C10,10001143,,,,Kelvedon St Mary's Church of England Primary Academy,139360,Primary
acac228d-a22c-4c16-9706-08c40291e7fa,2018,Nottingham Trent University,N91,10004797,,,,Kings Cliffe Endowed Primary School,122012,Primary
93f8763b-f964-4850-8394-afbc8c6bb4a4,2018,Plymouth Marjon University,P63,10037449,,,,Kingskerswell Church of England Primary School,113398,Primary
82088c33-0bda-4678-976a-6d150f942142,2018,University of Northumbria at Newcastle,N77,10001282,,,,Kingston Park Primary School,143270,Primary
89332e89-d2c1-43bc-86fe-e4d6274bd860,2018,Nottingham Trent University,N91,10004797,,,,Kinoulton Primary School,122651,Primary
67b84abb-925e-44f2-8e16-ff503a30e6d7,2018,University of Northumbria at Newcastle,N77,10001282,,,,Knop Law Primary School,108450,Primary
fa5ecd85-ac4c-447c-879f-9a6b6f2f06b0,2018,Edge Hill University,E42,10007823,,,,Knowsley Village School,104423,Primary
de61ffdc-24cf-45d9-9629-9b0563754ef9,2018,The Manchester Metropolitan University,M40,10004180,,,,Knuzden St Oswald's CofE Voluntary Aided Primary School,119450,Primary
d334532c-506a-4bfb-ba60-000a1068b57d,2018,Sheffield Hallam University,S21,10005790,,,,Lacewood Primary School,106579,Primary
68b05190-2ecb-458b-8cf4-a54d267298c9,2018,Nottingham Trent University,N91,10004797,,,,Lady Bay Primary School,122596,Primary
bf791bff-45b7-4ebc-9e1e-9d883cc4c9f1,2018,Canterbury Christ Church University,C10,10001143,,,,"Lady Boswell's Church of England Voluntary Aided Primary School, Sevenoaks",118721,Primary
750b01f9-ef90-499a-9077-f96948921f41,2018,Canterbury Christ Church University,C10,10001143,,,,Laleham Gap School,134971,Primary
08fc801f-d170-40a4-8982-b8331c29964e,2018,University of Sunderland,S84,10007159,,,,Langley Park Primary School,148874,Primary
c3491e42-2783-4cdf-ba37-ecc0108c25d5,2018,Canterbury Christ Church University,C10,10001143,,,,Lansdowne Primary School,141548,Primary
deab6d8a-2d6a-47b8-baec-05a92d2d783a,2018,University of Derby,D39,10007851,,,,Leicester Islamic Academy,120335,Primary
69ed6776-f702-4962-97bd-44e93cd28f42,2018,Edge Hill University,E42,10007823,,,,Leigh St Peter's CofE Primary School,135841,Primary
e88c7a65-457c-4b87-9812-04851e69e033,2018,Sheffield Hallam University,S21,10005790,,,,Lift Firth Park,139334,Mathematics
a218c75d-e87b-44a8-9ef3-cc8008b65de3,2018,University of Hull,H72,10007149,,,,Lift Hall Road,138679,Primary
3efd8e5b-8d7b-4bd8-8219-e6babd06b827,2018,The University of Northampton,N38,10007138,,,,Little Houghton Church of England Primary,122025,Primary
b5dd7cb9-412b-41ba-9114-d6d37165ce3a,2018,Canterbury Christ Church University,C10,10001143,,,,Little Thurrock Primary School,147215,Primary
854fb5b2-5ac9-451e-a97d-1654b73bddab,2018,Leeds Beckett University,L27,10003861,,,,Liverpool College,139686,Primary
211a97ca-436a-452e-a2a6-826df675af82,2018,University of Hull,H72,10007149,,,,Lockington Church of England Voluntary Controlled Primary School,118001,Primary
b4d2b8f6-eb90-422a-9b43-a0286beea138,2018,University of Derby,D39,10007851,,,,Longford CofE Primary School,146461,Primary
376782d9-3fac-4186-8d51-91543caeef19,2018,Kingston University,K84,10003678,,,,Lorraine Infant School & Nursery,143989,Primary
d4b1d857-f317-42d3-85e2-7451a969e0f3,2018,Birmingham City University,B25,10007140,,,,Lozells Junior and Infant School and Nursery,103227,Primary
c5cf5dcd-c391-439b-b5e5-e364d7ce94b0,2018,University of Sussex,S90,10007806,,,,Lyminster Primary School,125927,Primary
219c3d31-40f0-4160-b11e-d34d98e2094b,2018,The Manchester Metropolitan University,M40,10004180,,,,Manor Green Primary Academy,142286,Mathematics
6c533898-15c2-42d0-90aa-9b21634d1371,2018,Birmingham City University,B25,10007140,,,,Manor Primary School,124079,Primary
4a0a41b2-3005-4cc8-9b77-0e13ecd23cb4,2018,Leeds Beckett University,L27,10003861,,,,Manor Wood Primary School,107913,Primary
04537c89-87da-4846-ac60-76012ad7df97,2018,Nottingham Trent University,N91,10004797,,,,Mapperley Plains Primary and Nursery School,122525,Primary
c7d4eac2-95ad-4b8b-92de-12be95d52a92,2018,Bradford College,B60,10000840,,,,Margaret McMillan Primary School,143568,Primary
ac23dec1-2892-410b-a7c8-bc3da12b69e6,2018,St Mary's University,S64,10007843,,,,Margaret Roper Catholic Primary School,101797,Primary
8bb002ef-fada-4185-bc39-42a51826e7cb,2018,University Of Plymouth,P60,10007801,,,,Mayflower Academy,139710,Primary
08c8bb39-d048-4b7f-934e-f61ecd6775c3,2018,Edge Hill University,E42,10007823,,,,Mendell Primary School,105017,Primary
abc66abd-f59c-47a4-9c65-3b3bd0a55d04,2018,Canterbury Christ Church University,C10,10001143,,,,Mereworth Community Primary School,118307,Primary
d2417c8a-859f-4286-81a8-269e095eb2c3,2018,The University of Brighton,B72,10000886,,,,Merstham Primary School,144697,Mathematics
7f027dc1-7fca-46a7-bc87-c7bb542e89c0,2018,Liverpool Hope University,L46,10003956,,,,Middlefield Community Primary School,104591,Primary
cfbd5214-c2b0-4a9b-9f68-266e52290927,2018,Nottingham Trent University,N91,10004797,,,,Middleton Primary and Nursery School,122427,Primary
4377b2e4-4af9-4b04-bdff-ed7d3280c412,2018,Edge Hill University,E42,10007823,,,,Monksdown Primary School,133331,Primary
4fa549fe-7110-4fe8-92f0-a09a887e3b35,2018,Roehampton University,R48,10007776,,,,Monteagle Primary School,130340,Primary
1bb2bb88-8a5a-4218-b0e4-a5b3a912322e,2018,Birmingham City University,B25,10007140,,,,Moorgate Primary Academy,140995,Primary
bf70bb59-dc3a-4f0f-8466-f2a8c23cbb78,2018,Edge Hill University,E42,10007823,,,,Moorgate Primary School,105171,Primary
4a54f9db-2cbe-46f2-bcb9-47948ee2031f,2018,University of Sussex,S90,10007806,,,,Moulsecoomb Primary School,132028,Primary
31f751e1-7222-4f35-8625-8f5f6795198b,2018,University of Cumbria,C99,10007842,,,,Mulgrave Primary School,100163,Primary
4e475dcd-22a1-4fa4-93c0-bf455d2e8617,2018,Nottingham Trent University,N91,10004797,,,,Netherfield Primary School,144978,Primary
198c5f3a-8ff0-4414-b6d1-795bb7d2c7b0,2018,Edge Hill University,E42,10007823,,,,Netherton Moss Primary School,104856,Primary
0428bf83-4865-4bb8-b783-c786da4a192e,2018,Roehampton University,R48,10007776,,,,"Newton Farm Nursery, Infant and Junior School",102181,Primary
b7bb09fc-ba9b-4884-b217-6bcf6dc63b3a,2018,Canterbury Christ Church University,C10,10001143,,,,Northlands Primary School and Nursery,143125,Primary
102cb3eb-2f21-418e-90cf-ad859b2ef252,2018,Edge Hill University,E42,10007823,,,,Oakwood Avenue Community Primary School,144241,Primary
f1c0ab41-7c3d-4de1-ad6e-2750f73b6e27,2018,Nottingham Trent University,N91,10004797,,,,Oakwood Junior School,146938,Primary
7c62e2dc-edc5-40b8-ab40-b56f7e53198d,2018,Sheffield Hallam University,S21,10005790,,,,Oasis Academy Fir Vale,140218,Primary
b02a6fc5-e348-4032-ab3a-b1f776858360,2018,Canterbury Christ Church University,C10,10001143,,,,Oasis Academy Skinner Street,140040,Primary
90085a19-b889-487d-bf03-70c8e51c06aa,2018,Nottingham Trent University,N91,10004797,,,,Old Basford School,138740,Primary
f4074dd0-3581-4891-ac43-abe43c395e15,2018,University of Chester,C55,10007848,,,,Oldfield Primary School,111230,Primary
29b23a7c-e12c-40d9-b5d5-4ecacfff2fc1,2018,University of Greenwich,G70,10007146,,,,Orion Eden Park,144465,Biology
64afaffb-e9a7-41c4-b043-81d635851cbf,2018,The Manchester Metropolitan University,M40,10004180,,,,Oswald Road Primary School,131030,Primary
e55069f1-3258-4583-82b0-229589812b89,2018,Birmingham City University,B25,10007140,,,,Our Lady of Compassion Catholic Primary School,148089,Primary
11e585ad-a13b-4ef9-b457-ab82b93b0c8d,2018,Sheffield Hallam University,S21,10005790,,,,Outwood Academy Shafton,139211,Chemistry
c266df84-e7cd-4dfe-98bb-16a44dfd41d8,2018,Canterbury Christ Church University,C10,10001143,,,,Palmarsh Primary School,118490,Primary
1d8aa7eb-9ac8-4f37-ae77-171cf920fa77,2018,Birmingham City University,B25,10007140,,,,Parkfield Primary School,144253,Primary
8208b09a-496f-48bd-a1e4-15253ffc6c69,2018,Roehampton University,R48,10007776,,,,Park Hill Junior School,144382,Primary
b0a170b7-e729-4ffd-b5d7-074da075cec1,2018,"University of the West of England, Bristol",B80,10007164,,,,Parson Street Primary School,138904,Primary
34f94688-38a7-42b0-9252-6afa56a791ce,2018,University of Hull,H72,10007149,,,,Paull Primary School,117862,Primary
80303c82-26f6-4910-9338-3989e3fd0c64,2018,The University of Brighton,B72,10000886,,,,Peacehaven Community School,144661,Physical education
9cc72e67-8800-438b-a136-79dfb125e502,2018,University of Derby,D39,10007851,,,,Pear Tree Community Junior School,144466,Primary
e58ec41b-4541-4787-bc90-aa99cb269cd7,2018,Bradford College,B60,10000840,,,,Peel Park Primary School and Nursery,101494,Primary
c88925e8-a1f0-44ad-8e06-0ec5c880f3d8,2018,University Of Exeter,E84,10007792,,,,Penryn College,136852,History
7e9bbdd0-9ff5-416a-bf95-8b226d2a83b6,2018,University of Northumbria at Newcastle,N77,10001282,,,,Percy Hedley School,108657,Primary
43b2f6c1-26f2-465f-8237-3ff81e49d897,2018,University of Sussex,S90,10007806,,,,Pevensey and Westham CofE Primary School,114519,Primary
e660235f-09b5-4511-b7aa-6c751015de60,2018,Canterbury Christ Church University,C10,10001143,,,,Phoenix Community Primary School,133961,Primary
eed52d4d-14c7-4b4f-ab3d-4c085a59c37c,2018,University of Derby,D39,10007851,,,,Pilsley Primary School,112605,Primary
62d4f658-27df-4212-afc6-4709f39e2a93,2018,The University of Brighton,B72,10000886,,,,Plume School,137790,Physical education
ce140774-d119-40f7-ba34-3d40a468da53,2018,"University of the West of England, Bristol",B80,10007164,,,,Portishead Primary School,143282,Primary
1b070b72-65d0-4f0e-b6d9-3c83cf80f036,2018,University of Hertfordshire,H36,10007147,,,,Potten End CofE Primary School,117414,Primary
9bf0e0e2-e991-4cfd-9a75-b3e006da27aa,2018,The University of Northampton,N38,10007138,,,,Preston Hedges Primary School,139039,Primary
50d4ad54-831a-4e36-895b-a315876dc7c2,2018,University of Hull,H72,10007149,,,,Preston Primary School,117864,Primary
3d08b8a9-91d5-4ede-bc84-cfb0b3d0c916,2018,University Of Plymouth,P60,10007801,,,,Prince Rock Primary School,143476,Primary
89c705a8-6fca-4ae4-97a7-6b12cdd43834,2018,Brunel University London,B84,10000961,,,,Princes Risborough School,146377,Chemistry
bd30a559-e47c-4575-ae9a-c833ec77e7f3,2018,Canterbury Christ Church University,C10,10001143,,,,Priory Fields School,143073,Primary
5bee45ea-f2ff-4b7b-ad4e-bfa816f780f2,2018,University of Northumbria at Newcastle,N77,10001282,,,,Prudhoe Castle First School,146924,Primary
bf1a2196-5ec6-4405-908c-6d4ecfd0dd83,2018,The University of Brighton,B72,10000886,,,,Ratton School,138474,Physical education
01730a96-3e60-40f8-bae1-d14a2015415e,2018,Nottingham Trent University,N91,10004797,,,,Ravenshead CofE Primary School,131814,Primary
cd7342cd-8394-483d-85cb-76a23532a754,2018,Canterbury Christ Church University,C10,10001143,,,,Reculver Church of England Primary School,141216,Primary
2ef61093-a6f2-4b2b-aea0-491b40b27040,2018,University of Derby,D39,10007851,,,,Redwood Primary School,112770,Primary
ee7f768b-cb13-4bb5-86e3-6d9dab4f45ae,2018,Nottingham Trent University,N91,10004797,,,,Rendell Primary School,138908,Primary
033e3012-23bd-4810-ba1e-9670582b7a01,2018,Canterbury Christ Church University,C10,10001143,,,,Repton Manor Primary School,137806,Primary
1cd5a491-5e8f-4379-b1b3-bc5de89d4017,2018,Middlesex University,M80,10004351,,,,Rhodes Avenue Primary School,102128,Primary
bfb8e826-da58-4d43-a1c8-d2fa763d7084,2018,Nottingham Trent University,N91,10004797,,,,Richard Bonington Primary and Nursery School,147506,Primary
9bc7d722-ee8d-417c-8b53-98ffd4c2e41f,2018,The Manchester Metropolitan University,M40,10004180,,,,Rishton Methodist Primary School,119396,Primary
6da24e30-6eef-44ea-abd9-32649621d026,2018,Nottingham Trent University,N91,10004797,,,,River View Primary and Nursery School,135281,Primary
9405d6e5-53f8-46dd-90e8-216fb7bfa1d0,2018,Nottingham Trent University,N91,10004797,,,,Robert Bakewell Primary School,140476,Primary
79cac24c-8154-416e-b3dd-a06267e8e766,2018,Nottingham Trent University,N91,10004797,,,,Robert Shaw Primary and Nursery School,144461,Primary
0a3ed9b1-ca41-4dd7-835f-a8a729633b4d,2018,University of Northumbria at Newcastle,N77,10001282,,,,Rockcliffe First School,108583,Primary
4aa90a11-cf68-4ee1-8fb6-2b3a0a8a7cb8,2018,Roehampton University,R48,10007776,,,,Rockmount Primary School,101783,Primary
c793cf41-0ef4-425c-8096-81afc5882a14,2018,Roehampton University,R48,10007776,,,,Ronald Ross Primary School,101031,Primary
fa8175f5-0131-4d3a-82c4-34cb311b0f7a,2018,Canterbury Christ Church University,C10,10001143,,,,Roseacre Junior School,118849,Primary
392e3647-2538-4d52-a79a-c7a82eaa77fa,2018,University of Chichester,C58,10007137,,,,Rose Green Infant School,125928,Primary
b6b0ae37-aa58-439f-8d03-4398fea6dc9e,2018,Roehampton University,R48,10007776,,,,Rosetta Primary School,145087,Primary
e650e1d9-c05d-493a-86ba-09e920034fa8,2018,Plymouth Marjon University,P63,10037449,,,,Roundhill Primary School,146263,Primary
8d789982-d3e5-494c-8aff-c4f12c928475,2018,Nottingham Trent University,N91,10004797,,,,Round Hill Primary School,122707,Primary
9e3c1fca-bdad-4f08-8262-34cf6ef386d5,2018,Canterbury Christ Church University,C10,10001143,,,,Royal Rise Primary School,144615,Primary
4fb2414a-1766-4849-b88d-4a6ef18870f2,2018,Sheffield Hallam University,S21,10005790,,,,Royd Nursery and Infant School,107057,Primary
506e2aef-baf1-4d60-8dcc-3f0b542f0b05,2018,Nottingham Trent University,N91,10004797,,,,Rufford Primary and Nursery School,136232,Primary
458cf6ee-4709-4110-b6f7-a66be399776d,2018,The Manchester Metropolitan University,M40,10004180,,,,Sacred Heart Roman Catholic Primary School Rochdale,105828,Primary
d0c60d01-1523-4918-a470-2238b178e125,2018,University of Derby,D39,10007851,,,,Sawley Infant and Nursery School,141542,Primary
21751694-0909-4cc5-a993-f5143f219063,2018,Canterbury Christ Church University,C10,10001143,,,,Saxon Way Primary School,139928,Primary
93146eb5-61d9-4f73-87b3-0b827d20ac9d,2018,University of Derby,D39,10007851,,,,Scientia Academy,139602,Primary
6d5d7676-6d7a-47bc-98a9-252a4443fcba,2018,Nottingham Trent University,N91,10004797,,,,Scotholme Primary and Nursery School,143796,Primary
4113526b-13ec-45ad-8cc3-154b7d1f7025,2018,Nottingham Trent University,N91,10004797,,,,Seely Primary School,139430,Primary
462a5390-3da2-4d9c-a3b4-e5b468867e1f,2018,Oxford Brookes University,O66,10004930,,,,Shenington Church of England Primary School,123273,Primary
6320d949-2b13-4668-9034-eb359c28153b,2018,The University Of East Anglia,E14,10007789,,,,Sheringham Community Primary School,120851,Primary
c136a01e-b98a-4c7f-bc84-e88da074569b,2018,Edge Hill University,E42,10007823,,,,Shevington Vale Primary School,106429,Primary
f59b2bb3-cdec-4b34-806c-cf8e837f3890,2018,Canterbury Christ Church University,C10,10001143,,,,Shipbourne School,118311,Primary
696d7106-f73c-40e3-a97d-cce7d1e26451,2018,University Of Plymouth,P60,10007801,,,,Shiphay Learning Academy,136659,Primary
8abf71f8-ab34-47e3-9ba2-868497efd6db,2018,Sheffield Hallam University,S21,10005790,,,,Sir Thomas Wharton Academy,144364,Mathematics
178c97e4-2392-46c5-9a84-45c1a76e3f07,2018,Birmingham City University,B25,10007140,,,,Sladefield Infant School,103255,Primary
4a179284-0c51-4175-80d1-623dc6092dbc,2018,London South Bank University,L75,10004078,,,,Southern Road Primary School,102755,Primary
f6b9726c-86a8-40da-9d51-1030c5ac6675,2018,Nottingham Trent University,N91,10004797,,,,Southwark Primary School,137480,Primary
36e93eff-f5be-4dad-ae48-8b31fb0b49b9,2018,Roehampton University,R48,10007776,,,,Southwood Primary School,131845,Primary
b82ba8a9-ca7a-4447-8d2f-81594fde6a94,2018,The Manchester Metropolitan University,M40,10004180,,,,Spindle Point Primary School,105196,Primary
0da607cb-8317-4462-8c95-b4e759e4e6ea,2018,University of Northumbria at Newcastle,N77,10001282,,,,Springwell Village Primary School,148780,Primary
db40de6e-c87c-495e-b3d9-6f1876ddaa21,2018,The University of Brighton,B72,10000886,,,,St Andrew's Prep,114652,Physical education
ff0338e2-c92e-4d4b-bdf7-12a769659944,2018,The Manchester Metropolitan University,M40,10004180,,,,St Anne's CofE (Aided) Primary School,105715,Mathematics
29a7264f-9ce3-4361-8626-218366f51c6c,2018,Nottingham Trent University,N91,10004797,,,,St Bartholomew's Church of England Primary School,120153,Primary
7e45ce17-1b11-4a9c-be07-3331aab9f8ff,2018,Edge Hill University,E42,10007823,,,,"St Catherine's Catholic Primary School, Lowton",106507,Primary
36c1e539-ce03-42ea-afd5-dc51d76978b6,2018,Edge Hill University,E42,10007823,,,,St Charles' RC Primary School,105955,Primary
6cf29472-a7fa-4a7b-b120-9bc9f85e9c76,2018,The Manchester Metropolitan University,M40,10004180,,,,St Clement's CofE Primary School,105501,Primary
c48de7e6-739f-4179-9c5a-995f65f2e597,2018,University of Northumbria at Newcastle,N77,10001282,,,,"St Cuthberts Catholic Primary School, Kenton",148978,Primary
b3c35de5-2334-4b84-98fa-e93c8aafda7c,2018,Newman University,N36,10007832,,,,St Cuthbert's RC Junior and Infant (NC) School,103470,Primary
985764eb-7a9c-4a59-9349-7744aea7b090,2018,Kingston University,K84,10003678,,,,St Cyprian's Greek Orthodox Primary Academy,138335,Primary
612a0e71-f921-4de4-a2eb-8c3d0dead3d2,2018,The Manchester Metropolitan University,M40,10004180,,,,"St Edmund Arrowsmith Catholic High School, Ashton-in-Makerfield",106540,Mathematics
64e144ee-453e-44a6-9f29-a9a4df02cec4,2018,St Mary's University,S64,10007843,,,,St Elphege's RC Infants' School,102997,Primary
9b1c9624-0ba6-47c5-91c8-9a4f7eb4a121,2018,University of Sussex,S90,10007806,,,,St Elphege's RC Infants' School,102997,Primary
5511a9eb-0afd-41a5-9b5a-a864d3f161af,2018,University of Sussex,S90,10007806,,,,Steyning Grammar School,148221,Primary
80189e86-a0f2-4a53-91fb-f2f6739fa693,2018,University of Wolverhampton,W75,10007166,,,,St Francis Catholic Primary School,104239,Primary
b3549d1e-03b7-4d27-b797-6fee39b160ae,2018,Newman University,N36,10007832,,,,"St George's Church of England Academy, Newtown",139126,Primary
0781e185-ba93-42b2-9e93-337da0af4018,2018,Plymouth Marjon University,P63,10037449,,,,St Germans Primary School,111982,Primary
807e1151-72dd-45e3-a736-9aefb2a5d9e7,2018,The Manchester Metropolitan University,M40,10004180,,,,St Hugh's CofE Primary School,150039,Primary
2bbde985-56e7-4447-bb11-9f23fd1872a2,2018,Canterbury Christ Church University,C10,10001143,,,,Stifford Clays Primary School,141877,Primary
36f2b749-a24b-48c9-a0dd-d0c12e8cf86a,2018,University of Wolverhampton,W75,10007166,,,,St John's Church of England Primary Academy,140856,Primary
9b31b1d3-676d-4cf7-bf98-dc8d48eb95f2,2018,Kingston University,K84,10003678,,,,St John's C of E Primary School,102589,Primary
822a30a7-5b96-4a9e-b286-4b9fcdedaa9a,2018,The Manchester Metropolitan University,M40,10004180,,,,"St John the Baptist RC Primary School, a Voluntary Academy",147578,Primary
ba2ea674-fcb8-4f70-8089-1aa63b4337f9,2018,Nottingham Trent University,N91,10004797,,,,St Joseph's Catholic Primary and Nursery School,142093,Primary
477d9fee-3dc7-4578-9217-dc0fccd350db,2018,Canterbury Christ Church University,C10,10001143,,,,St Laurence In Thanet Church of England Junior Academy,138592,Primary
8725c972-164a-4d97-9d23-b5eb008a0b39,2018,Nottingham Trent University,N91,10004797,,,,St Lawrence Church of England Primary School,120537,Primary
251521ff-bdfa-4395-bfa3-da373042cdcf,2018,Kingston University,K84,10003678,,,,"St Lawrence CofE Aided Junior School, East Molesey",125179,Primary
9e4b93e4-d285-4240-bdcc-5e0a48a0dba2,2018,Roehampton University,R48,10007776,,,,St Luke's Church of England Primary School,145616,Primary
c81f732a-9d81-451c-8dce-78c623069752,2018,Liverpool Hope University,L46,10003956,,,,St Luke's Halsall Church of England Primary School,104921,Primary
7af2b6da-cbe2-4caa-a032-dbf9071e5f91,2018,Edge Hill University,E42,10007823,,,,St Marie's Catholic Primary School Standish,106493,Primary
bb7e3465-50d6-455b-9090-2995614c4b01,2018,University of Sussex,S90,10007806,,,,St Martin's CofE Primary School,114539,Primary
739dd935-2125-4c51-aee2-0d8216a6627f,2018,Edge Hill University,E42,10007823,,,,St Mary's CofE Junior and Infant School,105495,Primary
684f543e-4f48-463d-a89b-72cbcfa4a9ec,2018,Middlesex University,M80,10004351,,,,St Michael's CofE Voluntary Aided Primary School,102135,Primary
fe6c1295-9d72-4247-a9c2-76a190c6328c,2018,University of Cumbria,C99,10007842,,,,St Monica's Roman Catholic Primary School,100268,Primary
770070d6-4305-4d91-b9c9-c11e51b3c1fe,2018,Kingston University,K84,10003678,,,,St Nicholas School,101854,Primary
d4beaced-8f2c-467d-ae8b-9e85c019156b,2018,University of Wolverhampton,W75,10007166,,,,Stowlawn Primary School,104317,Primary
b503a930-66f1-412b-bbd3-142241867710,2018,Canterbury Christ Church University,C10,10001143,,,,Stowting Church of England Primary School,118682,Primary
ddf5d3a2-e42a-4063-9b52-4f80b2747b03,2018,University of Sussex,S90,10007806,,,,St Peter and St Paul CofE Primary School,114564,Primary
17bd6037-d8f8-4e65-aeae-f93b172f128c,2018,Edge Hill University,E42,10007823,,,,St Peter's Smithills Dean Church of England Primary School,145751,Primary
53ef5464-b6db-420b-9463-586ddbb91f09,2018,The Manchester Metropolitan University,M40,10004180,,,,St Philip's Catholic Primary School,106126,Primary
88199909-6a7c-44fe-ad72-b040d3169df7,2018,Birmingham City University,B25,10007140,,,,Streetsbrook Infant and Early Years Academy,142979,Primary
d6e069e0-08cc-4520-be74-cdd10572cad1,2018,Birmingham City University,B25,10007140,,,,St Saviour's C of E Primary School,103406,Primary
dd4a7a93-483b-48c1-b1da-b512c8ba65c6,2018,Liverpool Hope University,L46,10003956,,,,St Sebastian's Catholic Primary School and Nursery,104664,Primary
eb62f839-4a72-400c-b11d-3aa579927f9a,2018,"University of the West of England, Bristol",B80,10007164,,,,St Stephen's Infant School,109046,Primary
083d3e45-112e-4985-8cf8-90c9b99a054d,2018,The Manchester Metropolitan University,M40,10004180,,,,St Thomas' Church of England Primary School,105824,Primary
f4d47a6b-dc6f-4ddd-b891-63214cfbd486,2018,The Manchester Metropolitan University,M40,10004180,,,,St Vincent's Catholic Primary School,136087,Primary
771751f8-36f7-461c-8494-c403638f00ca,2018,University Of Plymouth,P60,10007801,,,,St Wenn School,111901,Primary
c2036c5c-fa8a-4158-bed0-7a43a192f837,2018,York St John University,Y75,10007713,,,,Sutton Park Primary School,139513,Primary
9e3b857a-3bf5-477c-a8a3-6cdfaef7e2bb,2018,Birmingham City University,B25,10007140,,,,Tameside Primary Academy,146358,Primary
219ddf90-af9a-4229-9fba-be70f3988b23,2018,University of Worcester,W80,10007139,,,,Tenbury CofE Primary School,142448,Primary
3081e1fa-6611-49be-b4f0-7813786009b4,2018,Canterbury Christ Church University,C10,10001143,,,,Terling Church of England Voluntary Aided Primary School,115166,Primary
ec3954ff-0e76-4c97-a170-c033bf53c02e,2018,University of Sussex,S90,10007806,,,,The Baird Primary Academy,140493,Primary
e043ffd7-3761-44dd-8af4-1e4e82fbf166,2018,The University of Brighton,B72,10000886,,,,The Cavendish School,138475,Physical education
a8a75b04-7d85-4692-9673-bea0beb609ca,2018,The University of Northampton,N38,10007138,,,,The Duston School,138214,Primary
b6d62dc5-bb88-4880-a6fb-7b2e6a1daac2,2018,Canterbury Christ Church University,C10,10001143,,,,The Gateway Primary Free School,138334,Primary
30fcfc74-0c5e-4f59-bb74-4b5da6c3fe0e,2018,The University of Brighton,B72,10000886,,,,The Henrietta Barnett School,138051,Physical education
f4be954a-12e9-4ed9-8368-6a661cb415cb,2018,Canterbury Christ Church University,C10,10001143,,,,The John Wesley Church of England Methodist Voluntary Aided Primary School,133627,Primary
95d4c5d7-1729-4d7f-ab4c-9434054a2824,2018,University of Wolverhampton,W75,10007166,,,,The Khalsa Academy Wolverhampton,142080,Drama
28494e5d-841a-48ce-a895-67a5e74d3589,2018,University of Sunderland,S84,10007159,,,,The Meadows School,131905,Mathematics
a69f7208-b2cb-4b5a-89a3-c2cca99b5875,2018,Nottingham Trent University,N91,10004797,,,,The Milford Academy,138741,Primary
528abd7d-4a31-4b76-8938-edbd43d2bf2f,2018,Birmingham City University,B25,10007140,,,,The Oval School,143087,Primary
47e100f2-6377-4090-9d00-d0347a8ca485,2018,"University of the West of England, Bristol",B80,10007164,,,,The Park Primary School,109017,Primary
51464f44-1c96-4c81-8adf-e07dcf8d3d93,2018,Edge Hill University,E42,10007823,,,,The Russett School,142302,Primary
c551c394-1f2b-4bdf-b6e7-ca8d972ebc3f,2018,Nottingham Trent University,N91,10004797,,,,The Sacred Heart Primary Catholic Voluntary Academy,138813,Primary
efcf6918-10ce-4cfb-9121-d9b2fdcf6a79,2018,The University of Brighton,B72,10000886,,,,The St Marylebone CofE School,137353,Physical education
04ef5147-ca04-4515-bb53-cbdef68002ac,2018,Leeds Trinity University,L24,10003863,,,,The St Peter and St Paul C of E Primary School,120566,Primary
c0ff1bf8-b30c-42e3-a8a5-1fc77f925bf5,2018,University of Derby,D39,10007851,,,,Thomas Russell Infants School,142748,Primary
f75c3e59-ee52-457f-9128-52e94779a1d8,2018,University of Hull,H72,10007149,,,,Thorpepark Academy,142307,Primary
ce960514-3092-404a-9941-0a949c0947a8,2018,York St John University,Y75,10007713,,,,Threshfield School,121594,Primary
26918ed6-7e1a-4785-a126-b19e409e9518,2018,University of Northumbria at Newcastle,N77,10001282,,,,Throckley Primary School,108446,Primary
10162f26-7c0e-42b5-adf0-81d6ee88e6b0,2018,Nottingham Trent University,N91,10004797,,,,Tollerton Primary School,143302,Primary
d1052b2c-5820-459b-8566-3cf65ec37dfc,2018,Canterbury Christ Church University,C10,10001143,,,,Tolleshunt D'Arcy St Nicholas Primary Academy,147403,Primary
ac16097f-d479-41db-8902-49e47594e018,2018,Nottingham Trent University,N91,10004797,,,,Toton Bispham Drive Junior School,122554,Primary
da31cb75-d382-455a-aad2-dd4e0f876fe0,2018,University of Chester,C55,10007848,,,,Town Lane Infant School,143391,Primary
b0550163-fa07-4afd-abfd-f28912240947,2018,Canterbury Christ Church University,C10,10001143,,,,Treetops School,144234,Primary
5991e0cd-76ff-4317-9a90-e571faea2da3,2018,Edge Hill University,E42,10007823,,,,Trinity Church of England/Methodist School,119406,Primary
d58f0c5f-2e5c-4045-9ee9-f33a6cb7bb3a,2018,Canterbury Christ Church University,C10,10001143,,,,Twydall Primary School and Nursery,142393,Primary
28ca75d5-daed-4036-8996-5b756ea24065,2018,University of Sunderland,S84,10007159,,,,Usworth Colliery Nursery School,108749,Primary
c2c63c38-8c6f-411b-a191-d0c37add443d,2018,Canterbury Christ Church University,C10,10001143,,,,Victoria Road Primary School,118369,Primary
47ddbaa1-6c9c-4e1b-94dd-eca8c2cf985c,2018,Nottingham Trent University,N91,10004797,,,,Wadsworth Fields Primary School,135458,Primary
314d52d7-8119-4a53-8a0e-7097f11a6031,2018,University of Sussex,S90,10007806,,,,Warden Park Secondary Academy,137416,Primary
19936a2a-2c37-4470-b117-123b367de7fd,2018,University of Northumbria at Newcastle,N77,10001282,,,,Wardley Primary School,108371,Primary
0a98dd4a-7bad-4f30-82f2-ee9ccaf52751,2018,Birmingham City University,B25,10007140,,,,Water Orton Primary School,125620,Primary
00741106-0fc3-4624-bd91-ef8df2ee914f,2018,Edge Hill University,E42,10007823,,,,Weaverham Primary Academy,146642,Primary
e7f8f44b-69d2-4ca9-94c3-00bb16179f9d,2018,University of Wolverhampton,W75,10007166,,,,Wednesfield Academy,141245,Geography
61181258-c9f7-458d-a795-0d91419ca8c0,2018,Birmingham City University,B25,10007140,,,,Welford Primary School,103328,Primary
e9be72eb-165f-4bb1-95c0-edf6ecd47fe8,2018,Nottingham Trent University,N91,10004797,,,,West Bridgford Junior School,122600,Primary
6cb35bd2-0d2e-4a3f-a315-c98856c1f9e8,2018,Kingston University,K84,10003678,,,,Westbrook Primary School,139889,Primary
fd03d154-b494-4bf8-9c1c-facf17bd199c,2018,The University Of East Anglia,E14,10007789,,,,West Earlham Infant and Nursery School,120954,Primary
d2f42faf-1eaa-4082-8201-9f70fbebeeec,2018,Nottingham Trent University,N91,10004797,,,,Westglade Primary School,131006,Primary
15c16ef9-3d41-4d7a-8803-559b8da6a845,2018,Middlesex University,M80,10004351,,,,West Grove Primary,131657,Primary
58dc07c8-6ecd-4454-8617-bb747e3eeb27,2018,University of Derby,D39,10007851,,,,Westhouses Primary School,112508,Primary
1f629a5d-d7f0-45c6-93fd-d7234831cdc3,2018,University of Sussex,S90,10007806,,,,West Hove Infant School,114428,Primary
dc6f60f9-2c52-496a-85c7-77d7a8372575,2018,University of Northumbria at Newcastle,N77,10001282,,,,West Jesmond Primary School,131203,Primary
9fe300a0-a56f-45ed-910c-bdd6a97553f0,2018,University of Wolverhampton,W75,10007166,,,,West Walsall E-ACT Academy,138374,Geography
e85c1886-3072-4f11-9073-afd952440881,2018,University of Sunderland,S84,10007159,,,,Wheatley Hill Community Primary School,114147,Primary
5fc6a3ee-da09-4289-8a32-77e08a589475,2018,Leeds Beckett University,L27,10003861,,,,Whinmoor St Paul's Church of England Primary School,108051,Primary
93faec00-df0d-4bba-aa0d-0057745aa20a,2018,Canterbury Christ Church University,C10,10001143,,,,White Hall Academy and Nursery,138575,Primary
e147b2db-c29d-423c-baa1-3c17098a9bc1,2018,The Manchester Metropolitan University,M40,10004180,,,,Whitehill Primary School,106084,Primary
5d3b7dbc-51ec-4534-8968-f13331294215,2018,University of Sunderland,S84,10007159,,,,Whitworth Park School and Sixth Form College,114300,Mathematics
669ead3f-6eb6-41b1-afff-6e11f1cc1693,2018,Canterbury Christ Church University,C10,10001143,,,,Willesborough Junior School,118371,Primary
4b947e92-488a-4663-87aa-f877a176f30d,2018,Nottingham Trent University,N91,10004797,,,,William Levick Primary School,112541,Primary
ec99b1ca-400f-48a6-8bf8-37dfe6a83787,2018,Canterbury Christ Church University,C10,10001143,,,,Willow Brook Primary School Academy,138364,Primary
e8854bed-c660-4de0-86bb-70e899c4bd01,2018,Nottingham Trent University,N91,10004797,,,,Winshill Village Primary and Nursery School,146085,Primary
e123fe84-66d8-49f1-b86c-1f60beeaecaf,2018,Sheffield Hallam University,S21,10005790,,,,Winthorpe Primary School,148218,Primary
a526c261-09a6-4017-b7e9-be6cd2f8672e,2018,Canterbury Christ Church University,C10,10001143,,,,Woodham Walter Church of England Voluntary Controlled Primary School,115123,Primary
a10082b9-8552-49ba-9812-9488947f5282,2018,Canterbury Christ Church University,C10,10001143,,,,Woodlands Primary School,142834,Primary
90aec030-9fb1-4119-992e-dd9a185782ab,2018,Canterbury Christ Church University,C10,10001143,,,,Woodside Academy,139106,Primary
002333e6-9441-486e-8e21-148d4de20efc,2018,University of Greenwich,G70,10007146,,,,Woolwich Polytechnic School,141163,Physics
bc319de5-a457-43bd-941f-f539161f1aea,2018,Canterbury Christ Church University,C10,10001143,,,,"Yalding, St Peter and St Paul Church of England Voluntary Controlled Primary School",118638,Primary